{
  "versions": {
    "python": "3.12.7",
    "pandas": "2.2.2",
    "numpy": "1.26.4",
    "sklearn": "1.5.1",
    "imblearn": "0.12.3"
  },
  "tasks": {
    "IC50_regression": {
      "LinearRegression": {
        "rmse_mean": 213107222382769.56,
        "rmse_std": 450817921126538.75,
        "mae_mean": 15148682082474.031,
        "mae_std": 31980260463879.293,
        "r2_mean": -1.6219117882660325e+24,
        "r2_std": 3.620134778426165e+24,
        "per_fold": {
          "rmse": [
            502.05976606942795,
            35708591093089.52,
            10694973941260.322,
            421738.25227996963,
            1019132546457257.8
          ],
          "mae": [
            286.9853937486379,
            2663622588148.3184,
            756248860116.775,
            30085.914755441965,
            72323538933732.16
          ],
          "r2": [
            0.24432007368969144,
            -1.086385778758197e+22,
            -8.945379092084612e+20,
            -1921027.8869786256,
            -8.097800545633372e+24
          ]
        },
        "artifact": "artifacts/ic50_LinearRegression.joblib"
      },
      "RandomForest": {
        "rmse_mean": 331.68343232124215,
        "rmse_std": 69.87815017319942,
        "mae_mean": 199.27424543132923,
        "mae_std": 22.10081030629524,
        "r2_mean": 0.23700074437803198,
        "r2_std": 0.19246189990215026,
        "per_fold": {
          "rmse": [
            443.8175751840345,
            355.11589011177006,
            287.10457477072003,
            274.3148360392504,
            298.0642855004358
          ],
          "mae": [
            236.78662315852878,
            201.65394947136593,
            187.48695934487324,
            183.34276439693792,
            187.10093078494015
          ],
          "r2": [
            0.4094780574645305,
            -0.07443179875547434,
            0.3553566396135376,
            0.1872696073193093,
            0.3073312162482569
          ]
        },
        "artifact": "artifacts/ic50_RandomForest.joblib"
      }
    },
    "SI_ge_8_classification": {
      "LogisticRegression": {
        "acc_mean": 0.6543482587064677,
        "acc_std": 0.019738891396643244,
        "prec_mean": 0.5173037620307332,
        "prec_std": 0.02966865532755024,
        "rec_mean": 0.5750391236306729,
        "rec_std": 0.06463139121370981,
        "f1_mean": 0.5423190128441215,
        "f1_std": 0.027131389607750727,
        "auc_mean": 0.7077459433874999,
        "auc_std": 0.047189302832001755,
        "per_fold": {
          "acc": [
            0.6517412935323383,
            0.64,
            0.66,
            0.635,
            0.685
          ],
          "prec": [
            0.5119047619047619,
            0.5,
            0.5232558139534884,
            0.4868421052631579,
            0.5645161290322581
          ],
          "rec": [
            0.5972222222222222,
            0.6388888888888888,
            0.625,
            0.5211267605633803,
            0.49295774647887325
          ],
          "f1": [
            0.5512820512820513,
            0.5609756097560976,
            0.569620253164557,
            0.5034013605442177,
            0.5263157894736842
          ],
          "auc": [
            0.7066106804478897,
            0.7241753472222222,
            0.7604166666666667,
            0.6316191723987334,
            0.7159078502019871
          ]
        },
        "artifact": "artifacts/si8_LogisticRegression.joblib"
      },
      "GradientBoosting": {
        "acc_mean": 0.702273631840796,
        "acc_std": 0.018671052535067706,
        "prec_mean": 0.5908077887025256,
        "prec_std": 0.029377607669277293,
        "rec_mean": 0.5472222222222222,
        "rec_std": 0.0572883384314366,
        "f1_mean": 0.5669683151038193,
        "f1_std": 0.03721322739365127,
        "auc_mean": 0.7441123200767915,
        "auc_std": 0.02288776943338278,
        "per_fold": {
          "acc": [
            0.7263681592039801,
            0.715,
            0.68,
            0.7,
            0.69
          ],
          "prec": [
            0.6349206349206349,
            0.6,
            0.5555555555555556,
            0.5846153846153846,
            0.5789473684210527
          ],
          "rec": [
            0.5555555555555556,
            0.625,
            0.5555555555555556,
            0.5352112676056338,
            0.4647887323943662
          ],
          "f1": [
            0.5925925925925926,
            0.6122448979591837,
            0.5555555555555556,
            0.5588235294117647,
            0.515625
          ],
          "auc": [
            0.7613049095607235,
            0.759548611111111,
            0.7521701388888888,
            0.7054809477017142,
            0.7420569931215198
          ]
        },
        "artifact": "artifacts/si8_GradientBoosting.joblib"
      }
    }
  }
}